<?xml version="1.0" encoding="UTF-8" standalone="yes"?>
<addon id="script.hululibraryautoupdate"
    name="Hulu Library Auto Update" version="1.1.0" provider-name="robweber">
  <requires>
    <import addon="xbmc.python" version="1.0"/>
  </requires>
  <extension point="xbmc.python.script" library="default.py">
    <provides>executable</provides>
  </extension>
  <extension point="xbmc.addon.metadata">
    <summary lang="en">Update your XBMC Hulu Video Libraries on a timer.</summary>
    <description lang="en">Requires the BlueCop Hulu plugin. </description>
    <platform>all</platform>
  </extension>
</addon>
